evidence_id,gold_paper_id,supported_entity_type,supported_entity_id,field_name,evidence_text,evidence_location_type,section_name,page_number,table_number,table_row,table_column,figure_number,supplement_identifier,xml_file,xml_element_id,extraction_method,review_status,reviewer_notes
EVID-001,GP-001,paper,GP-001,payload_type,"The organic phase contained glycerol monostearate (8 mg), Lipoid E PC S (70 mg), and CTD (2 mg).",methods,Materials and methods,,,,,,,candidate_00001_PMC13244520.xml,,manual_full_text_review,manually_verified,"CTD is cantharidin, a small-molecule drug outside the configured RNA scope."
EVID-002,GP-004,formulation,GF-001,composition_and_preparation,"Poly(C) RNA and FPLC-purified m1Ψ-containing mRNAs were encapsulated in LNP using a self-assembly process in which an aqueous solution of mRNA at pH 4.0 is rapidly mixed with lipids dissolved in ethanol. LNP contain an ionizable cationic lipid (pKa 6.0-6.5, proprietary to Acuitas Therapeutics), phosphatidylcholine, cholesterol, and PEG-lipid. They had a diameter of approximately 80 nm.",xml_paragraph,Methods,,,,,,,data/raw/fulltext/oa_packages/PMC7840919/41467_2021_Article_20903.nxml,Par18,manual_full_text_review,verified,Exact ionizable-lipid identity and component ratios are not disclosed in the article.
EVID-003,GP-004,experiment,GX-001,kupffer_cell_transfection_experiment,"Mice received 10 micrograms eGFP mRNA-LNP per 20 g body weight intravenously and liver cell types were evaluated 5 h later by immunostaining and flow cytometry, with Poly(C) RNA-LNP as the negative control.",xml_paragraph_and_figure,Liver-targeted nucleoside-modified mRNA-LNP predominantly transfect hepatocytes,,,,,Figure 2,,data/raw/fulltext/oa_packages/PMC7840919/41467_2021_Article_20903.nxml,Par7,manual_full_text_review,verified,"The study primarily targeted hepatocytes, not Kupffer cells."
EVID-004,GP-004,outcome,GO-001,percent_egfp_positive_cd11b_cells,Few F4/80-positive Kupffer cells expressed eGFP. Flow cytometry found 41.5 ± 14.6% of CD11b-positive cells expressed eGFP.,xml_paragraph_and_figure,Liver-targeted nucleoside-modified mRNA-LNP predominantly transfect hepatocytes,,,,,Figure 2,,data/raw/fulltext/oa_packages/PMC7840919/41467_2021_Article_20903.nxml,Par8,manual_full_text_review,verified_with_caveat,CD11b-positive cells are not exclusively Kupffer cells; F4/80 immunostaining supplies more specific but qualitative Kupffer evidence.
EVID-005,GP-006,formulation,GF-002,composition_and_manufacturing,MC3:DOPE:cholesterol:DMG-PEG2K = 50:10:39:1. Lipids were dissolved in ethanol; mRNA was diluted in 50 mM sodium citrate buffer at pH 3. Organic and aqueous solutions were assembled using NanoAssemblr at a 1:3 volume ratio.,xml_paragraph,Materials and methods,,,,,,,data/raw/fulltext/gold_v1/xml/candidate_00168_PMC11617921.xml,p0105,manual_full_text_review,verified,Component ratio is reported in the same order as the four named lipid components.
EVID-006,GP-006,formulation,GF-002,np_ratio_and_particle_size,N/P ratios from 3 to 8 were evaluated. N/P 8 was selected for subsequent experiments. Mean particle size was approximately 163 nm.,xml_paragraph_and_figure,Synthesis and optimization of LNP formulations,2,,,,Figure 1,,data/raw/fulltext/gold_v1/xml/candidate_00168_PMC11617921.xml,p0035,manual_full_text_review,verified,
EVID-007,GP-006,experiment,GX-002,gfp_delivery_to_lsecs,"Mice received 1.2 mg/kg GFP mRNA-LNP intravenously. Six hours later, liver immunostaining showed colocalization of GFP and the LSEC marker LYVE-1.",xml_paragraph_and_figure,Biodistribution of MC3 LNPs,,,,,Figure 2B,,data/raw/fulltext/gold_v1/xml/candidate_00168_PMC11617921.xml,p0040,manual_full_text_review,verified,"GFP expression demonstrates functional delivery, not merely particle uptake."
EVID-008,GP-006,experiment,GX-003,cas9_sgrna_lnp_treatment,NSGHAsgRNA and Cas9 mRNA were encapsulated in MC3 LNP and injected intravenously into NSG hemophilia A mice at 4 mg/kg.,xml_paragraph_and_figure,Recovery of endogenous FVIII activity after Cas9/sgRNA LNP injection,,,,,Figure 5,,data/raw/fulltext/gold_v1/xml/candidate_00168_PMC11617921.xml,p0055,manual_full_text_review,verified,
EVID-009,GP-006,outcome,GO-005,total_deletion_frequency,Table S1 reports total deletion frequency in LSECs of 16.50 ± 2.96% after Cas9/sgRNA LNP treatment.,supplement_pdf_table,Supplemental Material,2,Table S1,LSEC,total deletion frequency,,mmc1.pdf,data/raw/fulltext/oa_packages/PMC11617921/mmc1.pdf,,manual_visual_pdf_review,verified,Image-based PDF table; value visually verified.
EVID-010,GP-006,outcome,GO-006,total_insertion_frequency,Table S2 reports total insertion frequency in LSECs of 1.01 ± 0.38% after Cas9/sgRNA LNP treatment.,supplement_pdf_table,Supplemental Material,2,Table S2,LSEC,total insertion frequency,,mmc1.pdf,data/raw/fulltext/oa_packages/PMC11617921/mmc1.pdf,,manual_visual_pdf_review,verified,Image-based PDF table; value visually verified.
EVID-011,GP-006,outcome,GO-007,fviii_activity,Cas9/sgRNA LNP-treated mice generated average FVIII activity of 3.30 ± 0.68% over 26 weeks.,xml_paragraph_and_figure,Recovery of endogenous FVIII activity after Cas9/sgRNA LNP injection,,,,,Figure 5A,,data/raw/fulltext/gold_v1/xml/candidate_00168_PMC11617921.xml,p0055,manual_full_text_review,verified,"Systemic therapeutic outcome linked to LSEC gene editing, rather than a direct delivery measurement."
EVID-012,GP-002,formulation,GF-003,composition,SM-102:DSPC:cholesterol:DMG-PEG2000 = 50:10:38.5:1.5 molar ratio.,xml_paragraph,Introduction,,,,,,,data/raw/fulltext/gold_v1/xml/candidate_00003_PMC13334401.xml,p0040,manual_full_text_review,verified,
EVID-013,GP-002,experiment,GX-004,hepatocyte_reporter_delivery,Five healthy mice received 10 micrograms eGFP mRNA-LNP by tail vein and were assessed after 24 hours.,xml_paragraph_and_figure,Results,,,,,Figure 1,,data/raw/fulltext/gold_v1/xml/candidate_00003_PMC13334401.xml,p0050,manual_full_text_review,verified,
EVID-014,GP-002,outcome,GO-008,hepatocyte_expression,Immunohistochemistry showed strong eGFP staining in virtually all hepatocytes.,xml_paragraph_and_figure,Results,,,,,Figure 1F,,data/raw/fulltext/gold_v1/xml/candidate_00003_PMC13334401.xml,p0050,manual_full_text_review,verified,
EVID-015,GP-003,paper,GP-003,original_experiment_status,The publication describes itself as a state-of-the-art review and does not report an original tested LNP experiment.,xml_article,Abstract,,,,,,,data/raw/fulltext/gold_v1/xml/candidate_00019_PMC13184955.xml,,manual_full_text_review,verified,
EVID-016,GP-005,formulation,GF-004,composition,"MC3, DSPC, cholesterol, and DMG-PEG2000 were mixed at 50:10:38.5:1.5 molar ratio in ethanol; RNA was in 0.1 M acetate buffer pH 4.",xml_paragraph,Experimental Section,,,,,,,data/raw/fulltext/gold_v1/xml/candidate_00082_PMC11884593.xml,,manual_full_text_review,verified,
EVID-017,GP-005,formulation,GF-004,structured_characterization,"LNP1 containing Egfp mRNA and MC3 measured 130.0 +/- 31.9 nm by NanoSight and 103.5 +/- 1.23 nm by DLS, with zeta potential -4.95 +/- 0.43 mV.",xml_structured_table,Results,,Table 1,LNP 1,,,,data/raw/fulltext/gold_v1/xml/candidate_00082_PMC11884593.xml,,manual_structured_table_review,verified,
EVID-018,GP-005,experiment,GX-005,kupffer_uptake_and_translation,Mice received 2 mg/kg Egfp mRNA-LNP intravenously; intravital imaging at 16 hours and F4/80 staining assessed Kupffer-cell translation.,xml_paragraph_and_figure,Results,,,,,Figure 1,,data/raw/fulltext/gold_v1/xml/candidate_00082_PMC11884593.xml,,manual_full_text_review,verified,
EVID-019,GP-005,outcome,GO-010,kupffer_uptake,"Kupffer cells showed high and rapid LNP uptake, but no obvious EGFP-positive F4/80-positive Kupffer cells were detected in vivo.",xml_paragraph_and_figure,Results,,,,,Figures 1 and 4,,data/raw/fulltext/gold_v1/xml/candidate_00082_PMC11884593.xml,,manual_full_text_review,verified,
EVID-020,GP-005,outcome,GO-011,kupffer_translation,EGFP translation was observed solely in hepatocytes; labeled RNA remained visible as small spots in Kupffer cells after 16 hours.,xml_paragraph_and_figure,Results,,,,,Figure 4F,,data/raw/fulltext/gold_v1/xml/candidate_00082_PMC11884593.xml,,manual_full_text_review,verified,
EVID-021,GP-007,formulation,GF-005,partial_composition,"Cholesterol and DSPE-PEG were dissolved in ethanol with 0.1 mol% FITC-labeled hyaluronic acid; siMicu1 was rapidly mixed using a T-junction, then dialyzed, filtered, and concentrated.",xml_paragraph,Methods,,,,,,,data/raw/fulltext/gold_v1/xml/candidate_00167_PMC13137855.xml,,manual_full_text_review,verified_incomplete,No complete lipid ratio or exact DSPE-PEG identity is reported.
EVID-022,GP-007,formulation,GF-005,particle_characterization,"siMicu1-LNPs measured 80.03 +/- 1.19 nm, zeta potential 10.12 mV, and 71.97% encapsulation efficiency.",xml_paragraph_and_figure,Results,,,,,Figure 7A-C,,data/raw/fulltext/gold_v1/xml/candidate_00167_PMC13137855.xml,,manual_full_text_review,verified,
EVID-023,GP-007,experiment,GX-007,lsec_treatment,Mice received siMicu1-LNP intravenously at 5 microliters per gram two hours before HIRI surgery; the siRNA mass concentration was not reported.,xml_paragraph_and_figure,Methods and Results,,,,,Figure 7E,,data/raw/fulltext/gold_v1/xml/candidate_00167_PMC13137855.xml,,manual_full_text_review,verified,
EVID-024,GP-007,outcome,GO-013,lsec_protection,"siMicu1-LNP treatment ameliorated mitochondrial damage, calcium accumulation, and the defenestration phenotype of LSECs after HIRI.",xml_paragraph_and_figure,Results,,,,,Figure 7H-L,,data/raw/fulltext/gold_v1/xml/candidate_00167_PMC13137855.xml,,manual_full_text_review,verified,
EVID-025,GP-008,formulation,GF-006,composition_and_manufacturing,Ionizable lipid:DSPC:cholesterol:PEG-lipid = 45:30:23.5:1.5. Lipids were mixed with mRNA in 6.25 mM sodium acetate pH 5 at a 3:1 aqueous:organic ratio.,supplement_pdf_text,RNA Synthesis and Lipid Nanoparticle Formulation,4,,,,,pnas.2534673123.sapp.pdf,data/raw/fulltext/oa_packages/PMC13229182/pnas.2534673123.sapp.pdf,,manual_visual_pdf_review,verified,
EVID-026,GP-008,formulation,GF-006,targeting_conjugation,Anti-CD163 was attached using SATA-maleimide chemistry after DSPE-PEG-maleimide post-insertion; antibody:LNP ratio was 1:20.,supplement_pdf_text,RNA Synthesis and Lipid Nanoparticle Formulation,4,,,,,pnas.2534673123.sapp.pdf,data/raw/fulltext/oa_packages/PMC13229182/pnas.2534673123.sapp.pdf,,manual_visual_pdf_review,verified,
EVID-027,GP-008,formulation,GF-006,pdf_table_characterization,Appendix Table 1 reports alpha-CD163/LNP diameter 132.05 +/- 3.10 nm and PDI 0.176 +/- 0.017.,supplement_pdf_table,Tables S1 to S3,27,Appendix Table 1,alpha-CD163/LNP,,,,data/raw/fulltext/oa_packages/PMC13229182/pnas.2534673123.sapp.pdf,,manual_visual_pdf_review,verified,
EVID-028,GP-008,experiment,GX-008,macrophage_delivery,"More than 80% of BMDMs expressed GFP or FAPCAR after alpha-CD163/LNP exposure, compared with fewer than 20% after unmodified LNP.",xml_paragraph_and_figure,Results,,,,,Figure 1J-M,,data/raw/fulltext/gold_v1/xml/candidate_00132_PMC13229182.xml,,manual_full_text_review,verified,
EVID-029,GP-008,experiment,GX-009,hsc_therapeutic_effect,"FAPCAR-expressing macrophages recognized and eliminated FAP-positive activated HSC models; the LNP cargo was expressed in macrophages, not HSCs.",xml_paragraph_and_figure,Results and Discussion,,,,,Figures 2 and 6,,data/raw/fulltext/gold_v1/xml/candidate_00132_PMC13229182.xml,,manual_full_text_review,verified,
EVID-030,GP-008,outcome,GO-018,recipient_cell_specificity,"Supplementary Figure 5 maps reporter expression to CD163/F4/80-positive macrophages and compares ALB, Desmin, F4/80, and SOX9 cell markers.",supplement_pdf_figure,Appendix Figure 5,18,,,,Appendix Figure 5G-L,pnas.2534673123.sapp.pdf,data/raw/fulltext/oa_packages/PMC13229182/pnas.2534673123.sapp.pdf,,manual_visual_pdf_review,verified,
EVID-031,GP-009,paper,GP-009,target_cell_identity,"HSC denotes hematopoietic stem cells used for bone-marrow-transplant preconditioning, not hepatic stellate cells.",xml_article,Abstract,,,,,,,data/raw/fulltext/gold_v1/xml/candidate_00186_PMC12265960.xml,,manual_full_text_review,verified,
