gold_paper_id,candidate_id,pmid,pmcid,doi,screening_cell_type,screening_decision,development_or_holdout,annotation_status,reviewer,reviewed_at,notes
GP-001,candidate_00001,42249613,PMC13244520,10.1080/10717544.2026.2682976,hepatocyte,exclude,development,completed_no_eligible_records,renemilywei,2026-07-22,"Expected result is zero eligible extraction records because the payload is cantharidin, not a supported RNA payload."
GP-002,candidate_00003,42440881,PMC13334401,10.1016/j.omtn.2026.102989,hepatocyte,include,holdout,completed,human_review_frozen,2026-07-22,Complete SM-102 formulation with direct hepatocyte reporter expression.
GP-003,candidate_00019,42164756,PMC13184955,10.34133/research.1288,hepatocyte,exclude,holdout,completed_no_eligible_records,human_review_frozen,2026-07-22,Review article; expected extraction result is zero original experiments.
GP-004,candidate_00150,33504774,PMC7840919,10.1038/s41467-021-20903-3,kupffer_cell,include,development,completed_with_incomplete_formulation,human_reviewer,2026-07-22,OA replacement for candidate_00055. Positive secondary Kupffer-cell delivery evidence; formulation composition is proprietary and incomplete.
GP-005,candidate_00082,39792811,PMC11884593,10.1002/advs.202409729,kupffer_cell,include,holdout,completed,human_review_frozen,2026-07-22,Structured-table case showing high Kupffer uptake but negligible mRNA translation.
GP-006,candidate_00168,39640016,PMC11617921,10.1016/j.omtn.2024.102383,lsec,include,development,completed,human_reviewer,2026-07-22,Complete MC3 formulation with reporter-delivery and Cas9/sgRNA gene-editing evidence in LSECs. The LNP also delivers more strongly to hepatocytes and is therefore not LSEC-selective.
GP-007,candidate_00167,42088421,PMC13137855,10.7150/ijbs.126332,lsec,include,holdout,completed_with_incomplete_formulation,human_review_frozen,2026-07-22,"Direct LSEC therapeutic evidence, but lipid identities, ratios, and dose concentration are incomplete."
GP-008,candidate_00132,42213756,PMC13229182,10.1073/pnas.2534673123,hsc,manual_review,development,completed_with_role_ambiguity,human_review_frozen,2026-07-22,"The LNP transfects CD163-positive macrophages; activated HSCs are therapeutic targets, not delivery recipients."
GP-009,candidate_00186,40087866,PMC12265960,10.1016/j.ymthe.2025.03.018,hsc,exclude,holdout,completed_no_eligible_records,human_review_frozen,2026-07-22,"Irrelevant HSC acronym hit: hematopoietic stem cells, not hepatic stellate cells."
