gold_outcome_id,paper_id,evidence_id,endpoint_name,retrieved_at_k,retrieval_rank,primary_error_category,rationale
GO-001,GP-004,EVID-004,eGFP_positive_CD11b_positive_cells,True,2,experiment_boundary_error,"Evidence was retrieved, but the GP-004 Kupffer/CD11b reporter experiment was omitted."
GO-002,GP-004,EVID-004,eGFP_expression_in_F4_80_positive_cells,True,2,experiment_boundary_error,"Evidence was retrieved, but the GP-004 F4/80-positive qualitative result was omitted with its experiment."
GO-003,GP-006,EVID-007,GFP_expression_in_LYVE1_positive_LSECs,True,2,experiment_boundary_error,"Evidence was retrieved, but GP-006 retained only the Cas9/sgRNA experiment and omitted reporter delivery."
GO-004,GP-006,EVID-007,hepatocyte_to_LSEC_luciferase_expression_ratio,True,2,experiment_boundary_error,"Evidence was retrieved, but the hepatocyte-to-LSEC reporter comparison was omitted with the reporter experiment."
GO-006,GP-006,EVID-010,total_insertion_frequency_in_LSECs,True,3,incomplete_evidence,"The supplement page was retrieved and deletion frequency was retained, but the insertion-frequency table value was omitted."
GO-011,GP-005,EVID-020,EGFP_expression_in_Kupffer_cells,True,1,normalization_error,The graph retained low Kupffer translation but did not preserve the frozen exact negative result of no obvious EGFP-positive Kupffer cells.
GO-013,GP-007,EVID-024,LSEC_ultrastructure_and_function,True,1,wrong_relation,GP-007 retained improvement values without a complete intervention-to-endpoint relation for the frozen LSEC protection outcome.
GO-017,GP-008,EVID-029,activated_HSC_elimination,True,1,wrong_relation,GP-008 retained the therapeutic-target-cell link but not the macrophage-mediated activated-HSC elimination outcome.
GO-018,GP-008,EVID-030,reporter_recipient_cell,True,1,human_gold_disagreement,"The frozen page was 18, but the extracted PDF places Appendix Figure 5 panels G-L and marker labels on page 19."
