Paper,Paper title,DOI / paper link,Arm ID,LNP name,Chemical formulation (total),LNP molar ratio,Ionizable lipid,Helper lipid,Cholesterol,PEG lipid,Others,Target / recipient organ,Intended target cell,Observed transfected cell,Legacy cell label,Species,Biological model,Payload,Encoded product,Molecular target,Dose,Route,Timepoint,Assay,Outcomes,General use,Nearest neighbor,COMET,COMET blockers,Missing fields,Automatic-resolution issues
GP-002,GP-002,https://doi.org/10.1016/j.omtn.2026.102989,1,SM-102 mRNA-LNPs,SM-102-DSPC-cholesterol-DMG-PEG2000,50:10:38.5:1.5,SM-102,DSPC,cholesterol,DMG-PEG2000,NA,liver,NA,hepatocyte,hepatocyte,Mus musculus,healthy mouse model; healthy,enhanced green fluorescent protein mRNA,enhanced green fluorescent protein,NA,10 ug_mRNA_per_mouse,intravenous tail-vein injection,24 hours,fluorescence_imaging_western_blot_IHC,"Reported outcome: 10 fold · reported
Reported outcome: strong staining in nearly all hepatocytes · qualitative_only
hepatocyte_eGFP_expression: Strong eGFP staining in virtually all hepatocytes. · HNF4alpha_morphology_identified_hepatocytes · qualitative_only",Ready,Ready,Not ready,coherent_outcome,None,None
GP-002,GP-002,https://doi.org/10.1016/j.omtn.2026.102989,2,SM-102 mRNA-LNPs,SM-102-DSPC-cholesterol-DMG-PEG2000,50:10:38.5:1.5,SM-102,DSPC,cholesterol,DMG-PEG2000,NA,liver,NA,hepatocyte,not_reported,Mus musculus,Mdr2 knockout mouse model with F3 severe fibrosis; severe hepatic fibrosis,enhanced green fluorescent protein mRNA,enhanced green fluorescent protein,NA,10 micrograms per mouse,intravenous tail-vein injection,24 hours,NA,Reported outcome: greater eGFP-positive area in F3 than F4 · qualitative_only,Ready,Not ready,Not ready,"assay, coherent_outcome, in_vitro_in_vivo, manually_verified, normalization_basis, outcome_unit",None,None
GP-002,GP-002,https://doi.org/10.1016/j.omtn.2026.102989,3,SM-102 mRNA-LNPs,SM-102-DSPC-cholesterol-DMG-PEG2000,50:10:38.5:1.5,SM-102,DSPC,cholesterol,DMG-PEG2000,NA,liver,NA,hepatocyte,not_reported,Mus musculus,Mdr2 knockout mouse model with F4 cirrhosis; liver cirrhosis,enhanced green fluorescent protein mRNA,enhanced green fluorescent protein,NA,10 micrograms per mouse,intravenous tail-vein injection,24 hours,NA,NA,Not ready,Not ready,Not ready,"accepted_evidence, assay, in_vitro_in_vivo, manually_verified, outcome",outcome,None
GP-002,GP-002,https://doi.org/10.1016/j.omtn.2026.102989,4,SM-102 mRNA-LNPs,SM-102-DSPC-cholesterol-DMG-PEG2000,50:10:38.5:1.5,SM-102,DSPC,cholesterol,DMG-PEG2000,NA,liver; spontaneous liver tumors,NA,hepatocytes; spontaneous HCC cells,not_reported,Mus musculus,spontaneous hepatocellular carcinoma in situ,enhanced green fluorescent protein mRNA,enhanced green fluorescent protein,NA,10 micrograms per mouse,intravenous tail-vein injection,14 hours,NA,Reported outcome: expression detected · qualitative_only,Ready,Not ready,Not ready,"assay, coherent_outcome, in_vitro_in_vivo, manually_verified, normalization_basis, outcome_unit",None,None
GP-002,GP-002,https://doi.org/10.1016/j.omtn.2026.102989,5,SM-102 mRNA-LNPs,SM-102-DSPC-cholesterol-DMG-PEG2000,50:10:38.5:1.5,SM-102,DSPC,cholesterol,DMG-PEG2000,NA,liver; orthotopic liver tumor,NA,adjacent hepatocytes; HuH-7 tumor cells,not_reported,Mus musculus,orthotopic HuH-7 hepatocellular carcinoma xenograft model,enhanced green fluorescent protein mRNA,enhanced green fluorescent protein,NA,10 micrograms,intravenous tail-vein injection,24 hours,NA,"Reported outcome: no significant liver-versus-tumor difference · qualitative_only
Reported outcome: clear tumor GFP staining · qualitative_only",Ready,Not ready,Not ready,"assay, coherent_outcome, in_vitro_in_vivo, manually_verified, normalization_basis, outcome_unit",None,None
GP-002,GP-002,https://doi.org/10.1016/j.omtn.2026.102989,6,SM-102 mRNA-LNPs,SM-102-DSPC-cholesterol-DMG-PEG2000,50:10:38.5:1.5,SM-102,DSPC,cholesterol,DMG-PEG2000,NA,liver; secondary liver tumors,NA,adjacent hepatocytes; A549 and HCT116 tumor cells,not_reported,Mus musculus,A549-mCherry xenograft group; HCT116-mCherry xenograft group,enhanced green fluorescent protein mRNA,enhanced green fluorescent protein,NA,10 micrograms,intravenous tail-vein injection,24 hours,NA,NA,Not ready,Not ready,Not ready,"accepted_evidence, assay, in_vitro_in_vivo, manually_verified, outcome",outcome,None
GP-004,GP-004,https://doi.org/10.1038/s41467-021-20903-3,7,mRNA-LNP,Proprietary ionizable cationic lipid-phosphatidylcholine-cholesterol-PEG-lipid,"50:10:38.5:1.5 [inferred from US10,221,127]",proprietary ionizable cationic lipid,phosphatidylcholine,cholesterol,PEG-lipid,NA,liver,NA,NA,not_reported,Mus musculus,NA,firefly luciferase mRNA,firefly luciferase,NA,5 µg per 20 g body weight,intravenous injection (tail vein or retro-orbital),"5 hours; also days 1, 2, 3, 6, and 8",bioluminescence imaging,"luciferase activity: highest activity at 5 h and stable for 24 h · qualitative_only
luciferase activity: baseline activity at day 8 · qualitative_only",Ready,Not ready,Not ready,"biological_model, coherent_outcome, in_vitro_in_vivo, manually_verified, normalization_basis, outcome_unit",None,None
GP-004,GP-004,https://doi.org/10.1038/s41467-021-20903-3,8,mRNA-LNP,Proprietary ionizable cationic lipid-phosphatidylcholine-cholesterol-PEG-lipid,"50:10:38.5:1.5 [inferred from US10,221,127]",proprietary ionizable cationic lipid,phosphatidylcholine,cholesterol,PEG-lipid,NA,liver,NA,hepatocyte,hepatocyte,Mus musculus,homeostasis,hepatocyte growth factor mRNA,hepatocyte growth factor,NA,10 µg per 20 g body weight,intravenous injection,5 hours; also 24 and 48 hours,HGF immunostaining; EdU incorporation; EdU/HNF4α and EdU/CD45 co-staining,"number of EdU-positive proliferating cells: marked increase in EdU+ proliferative cell numbers · qualitative_only
EdU-positive HNF4α-positive hepatocytes: 61.25 percent · reported
EdU-positive HNF4α-positive hepatocytes: 121 fold · reported",Ready,Not ready,Not ready,"coherent_outcome, in_vitro_in_vivo, manually_verified, normalization_basis",None,None
GP-004,GP-004,https://doi.org/10.1038/s41467-021-20903-3,9,mRNA-LNP,Proprietary ionizable cationic lipid-phosphatidylcholine-cholesterol-PEG-lipid,"50:10:38.5:1.5 [inferred from US10,221,127]",proprietary ionizable cationic lipid,phosphatidylcholine,cholesterol,PEG-lipid,NA,liver,NA,hepatocyte,not_reported,Mus musculus,CDE diet-induced NAFLD mouse model; nonalcoholic fatty liver disease,HGF mRNA + EGF mRNA,hepatocyte growth factor + epidermal growth factor,NA,10 micrograms total per 20 g body weight (5 micrograms HGF + 5 micrograms EGF),intravenous injection (tail vein or retro-orbital),2 days after first injection; also day 8 (injections at T0 and T4),Oil Red O staining; serum cholesterol; serum ALT; CD45 immunostaining,"hepatic steatosis: reduced hepatic steatosis · qualitative_only
serum alanine aminotransferase: restoring baseline levels of serum ALT · qualitative_only",Ready,Not ready,Not ready,"coherent_outcome, in_vitro_in_vivo, manually_verified, normalization_basis, outcome_unit",None,None
GP-004,GP-004,https://doi.org/10.1038/s41467-021-20903-3,10,mRNA-LNP,Proprietary ionizable cationic lipid-phosphatidylcholine-cholesterol-PEG-lipid,"50:10:38.5:1.5 [inferred from US10,221,127]",proprietary ionizable cationic lipid,phosphatidylcholine,cholesterol,PEG-lipid,NA,liver,NA,hepatocytes; endothelial cells; Kupffer cells,kupffer_cell,Mus musculus,NA,eGFP mRNA,EGFP,NA,10 ug_mRNA_per_20_g_body_weight,intravenous injection,5 hours,immunohistochemistry and flow cytometry,"eGFP_positive_CD11b_positive_cells: 41.5 percent · CD11b_positive_liver_cells · reported
eGFP_expression_in_F4_80_positive_cells: Few F4/80-positive Kupffer cells expressed eGFP. · F4_80_positive_Kupffer_cells · qualitative_only",Ready,Ready,Ready,None,None,None
GP-005,GP-005,https://doi.org/10.1002/advs.202409729,11,Egfp mRNA‐LNP (LNP1),MC3-DSPC-cholesterol-DMG-PEG2000,50:10:38.5:1.5,MC3,DSPC,cholesterol,DMG-PEG2000,NA,liver,NA,kupffer_cell,kupffer_cell,Mus musculus,wild-type C57BL/6J mouse,Egfp mRNA,EGFP,NA,2 mg_per_kg,intravenous,16 hour,intravital_imaging_and_F4_80_staining,"rapid_Kupffer_cell_LNP_uptake: High and rapid uptake comparable to hepatocytes. · F4_80_positive_Kupffer_cells · qualitative_only
EGFP_expression_in_Kupffer_cells: 0 detectable_cells · F4_80_positive_Kupffer_cells_by_intravital_imaging · reported",Ready,Ready,Ready,None,None,None
GP-005,GP-005,https://doi.org/10.1002/advs.202409729,13,LNP16,MC3-DSPC-cholesterol-DMG-PEG2000,50:10:38.5:1.5,MC3,DSPC,cholesterol,DMG-PEG2000,NA,liver,NA,hepatocyte; liver sinusoidal endothelial cell; Kupffer cell; monocyte-derived macrophage,other,Mus musculus,mouse,EGFP-encoding mRNA; negative-control siRNA,EGFP,NA,3 mg_per_kg,intravenous injection,16 hours,flow cytometry; quantitative PCR,"cellular LNP16 uptake: significant LNP16 uptake by hepatocytes and Kupffer cells · qualitative_only
cellular LNP16 uptake: no significant LNP16 uptake by hepatic stellate cells · qualitative_only
TLR4 mRNA knockdown after LNP16 control treatment: no TLR4 mRNA knockdown after LNP16 control treatment · qualitative_only",Ready,Ready,Not ready,"coherent_outcome, manually_verified, normalization_basis, outcome_unit",None,None
GP-005,GP-005,https://doi.org/10.1002/advs.202409729,12,LNP17,MC3-DSPC-cholesterol-DMG-PEG2000,50:10:38.5:1.5,MC3,DSPC,cholesterol,DMG-PEG2000,NA,liver,NA,hepatocyte; Kupffer cell; hepatic stellate cell,other,Mus musculus,mouse,TLR4-targeting siRNA; EGFP-encoding mRNA,EGFP,TLR4,3 mg_per_kg,intravenous injection,16 hours,flow cytometry; quantitative PCR,"TLR4 mRNA knockdown after LNP17 treatment: significant TLR4 mRNA reduction in hepatocytes, Kupffer cells, and hepatic stellate cells · qualitative_only",Ready,Ready,Not ready,"coherent_outcome, manually_verified, normalization_basis, outcome_unit",None,None
GP-005,GP-005,https://doi.org/10.1002/advs.202409729,14,LNP3,MC3-DSPC-cholesterol-DMG-PEG2000,50:10:38.5:1.5,MC3,DSPC,cholesterol,DMG-PEG2000,NA,NA,HeLa cell; human primary macrophage,HeLa cell; human primary macrophage,other,Homo sapiens,NA,5moU-modified EGFP mRNA,EGFP,NA,1 micrograms per mL,in vitro incubation,24 hours,flow cytometry,"EGFP expression in HeLa cells: significant EGFP protein translation · qualitative_only
EGFP expression in human primary macrophages: low EGFP protein translation · qualitative_only",Ready,Ready,Not ready,"biological_model, coherent_outcome, manually_verified, normalization_basis, outcome_unit",None,None
GP-005,GP-005,https://doi.org/10.1002/advs.202409729,15,LNP4,SM-102-DSPC-cholesterol-DMG-PEG2000,50:10:38.5:1.5,SM-102,DSPC,cholesterol,DMG-PEG2000,NA,NA,HeLa cell; human primary macrophage,HeLa cell; human primary macrophage,other,Homo sapiens,NA,5moU-modified EGFP mRNA,EGFP,NA,1 micrograms per mL,in vitro incubation,24 hours,flow cytometry,"EGFP expression in HeLa cells: significant EGFP protein translation · qualitative_only
EGFP expression in human primary macrophages: low EGFP protein translation · qualitative_only",Ready,Ready,Not ready,"biological_model, coherent_outcome, manually_verified, normalization_basis, outcome_unit",None,None
GP-005,GP-005,https://doi.org/10.1002/advs.202409729,16,LNP5,SM-102-DSPC-cholesterol-DMG-PEG2000,50:10:38.5:1.5,SM-102,DSPC,cholesterol,DMG-PEG2000,NA,NA,HeLa cell; human primary macrophage,HeLa cell; human primary macrophage,other,Homo sapiens,NA,unmodified EGFP mRNA,EGFP,NA,1 micrograms per mL,in vitro incubation,24 hours,flow cytometry,"EGFP expression in HeLa cells: significant EGFP protein translation · qualitative_only
EGFP expression in human primary macrophages: low EGFP protein translation · qualitative_only",Ready,Ready,Not ready,"biological_model, coherent_outcome, manually_verified, normalization_basis, outcome_unit",None,None
GP-005,GP-005,https://doi.org/10.1002/advs.202409729,17,LNP6,MC3-DSPC-cholesterol-DMG-PEG2000,50:10:38.5:1.5,MC3,DSPC,cholesterol,DMG-PEG2000,NA,NA,HeLa cell; human primary macrophage,HeLa cell; human primary macrophage,other,Homo sapiens,NA,m1Ψ-modified EGFP mRNA,EGFP,NA,1 micrograms per mL,in vitro incubation,24 hours,flow cytometry,"EGFP expression in HeLa cells: significant EGFP protein translation · qualitative_only
EGFP expression in human primary macrophages: low EGFP protein translation · qualitative_only",Ready,Ready,Not ready,"biological_model, coherent_outcome, manually_verified, normalization_basis, outcome_unit",None,None
GP-005,GP-005,https://doi.org/10.1002/advs.202409729,18,LNP7,SM-102-DSPC-cholesterol-DMG-PEG2000,50:10:38.5:1.5,SM-102,DSPC,cholesterol,DMG-PEG2000,NA,NA,HeLa cell; human primary macrophage,HeLa cell; human primary macrophage,other,Homo sapiens,NA,m1Ψ-modified EGFP mRNA,EGFP,NA,1 micrograms per mL,in vitro incubation,24 hours,flow cytometry,"EGFP expression in HeLa cells: significant EGFP protein translation · qualitative_only
EGFP expression in human primary macrophages: low EGFP protein translation · qualitative_only",Ready,Ready,Not ready,"biological_model, coherent_outcome, manually_verified, normalization_basis, outcome_unit",None,None
GP-006,GP-006,https://doi.org/10.1016/j.omtn.2024.102383,19,MC3 LNP,MC3-DOPE-cholesterol-DMG-PEG2K,50:10:39:1,D-Lin-MC3-DMA,"1,2-dioleoyl-sn-glycero-3-phosphoethanolamine",cholesterol,DMG-PEG2000,NA,liver,liver sinusoidal endothelial cell (LSEC),lsec,lsec,Mus musculus,NSG hemophilia A mouse model,CRISPR-associated protein 9 mRNA; NSGHAsgRNA,Cas9,NA,4 mg_per_kg,intravenous,26 week,deep_sequencing_and_aPTT,"Reported outcome: 3.3 % · reported
Reported outcome: 52.7 % · reported
Reported outcome: 16.5 % · reported
Reported outcome: 60.54 % · reported
indels at five top-predicted potential off-target sites: no detected indels at five top-predicted potential off-target sites · qualitative_only
total_deletion_frequency_in_LSECs: 16.5 percent · isolated_LSEC_genomic_DNA · reported
total_insertion_frequency_in_LSECs: 1.01 percent · isolated_LSEC_genomic_DNA · reported
FVIII_activity: 3.3 percent_normal_activity · plasma_FVIII_activity · reported",Ready,Ready,Ready,None,None,None
GP-006,GP-006,https://doi.org/10.1016/j.omtn.2024.102383,20,MC3 LNP,MC3-DOPE-cholesterol-DMG-PEG2K,50:10:39:1,D-Lin-MC3-DMA,"1,2-dioleoyl-sn-glycero-3-phosphoethanolamine",cholesterol,DMG-PEG2000,NA,liver,NA,lsec,lsec,Mus musculus,NA,GFP mRNA,GFP,NA,1.2 mg_per_kg,intravenous,6 hour,GFP_LYVE1_immunostaining,"GFP_expression_in_LYVE1_positive_LSECs: GFP signal colocalized with the LSEC marker LYVE-1. · LYVE1_positive_liver_cells · qualitative_only
hepatocyte_to_LSEC_luciferase_expression_ratio: 17 fold · luciferase_activity_normalized_to_total_protein · reported",Ready,Ready,Ready,None,None,None
GP-007,GP-007,https://doi.org/10.7150/ijbs.126332,21,LNPs-siMicu1,cholesterol-DSPE-PEG-FITC-labeled hyaluronic acid,NA,NA,NA,cholesterol,DSPE-PEG,FITC-hyaluronic acid,liver,NA,lsec,lsec,Mus musculus,NA,MICU1-targeting siRNA,NA,MICU1,5 uL_per_g_formulation_volume,intravenous_tail_vein,2 hour_before_HIRI,TEM_FITC_FSA_biochemistry_histology,"primary biodistribution target organ: predominant liver biodistribution · qualitative_only
Reported outcome: improved with siMicu1-LNPs and more strongly with siMicu1-LNPs plus acteoside · qualitative_only
Reported outcome: improved with siMicu1-LNPs and more strongly with siMicu1-LNPs plus acteoside · qualitative_only
Reported outcome: significantly restored in siMicu1-LNP and siMicu1-LNP-plus-acteoside groups · qualitative_only
particle diameter: 80.03 ± 1.19 nm · qualitative_only
zeta potential: 10.12 mV · qualitative_only
encapsulation efficiency: 71.97 % · reported
LSEC_ultrastructure_and_function: Reduced mitochondrial damage, calcium accumulation, and LSEC defenestration. · HIRI_plus_blank_LNP_control · qualitative_only",Not ready,Not ready,Not ready,"coherent_outcome, lnp_molar_ratio",lnp_molar_ratio,None
GP-008,GP-008,https://doi.org/10.1073/pnas.2534673123,22,αCD163/LNP-FAPCAR,ionizable lipid-DSPC-cholesterol-PEG-lipid,45:30:23.5:1.5,heptadecan-9-yl 8-((2-hydroxyethyl)(8-(nonyloxy)-8-oxooctyl)amino)octanoate,DSPC,cholesterol,PEG-lipid,DSPE-PEG-maleimide; anti-CD163 antibody; antibody:LNP 1:20,NA,NA,hsc,hsc,NA,NA,mRNA encoding an FAP-targeted chimeric antigen receptor,FAP-targeted chimeric antigen receptor,NA,NA,NA,NA,NA,mean particle diameter: 110.3 ± 6.8 nm · qualitative_only,Not ready,Not ready,Not ready,"assay, biological_model, coherent_outcome, delivery_destination, dose, dose_unit, in_vitro_in_vivo, manually_verified, normalization_basis, outcome_unit, route, species, timepoint","delivery_destination, dose, route, species, timepoint",None
GP-008,GP-008,https://doi.org/10.1073/pnas.2534673123,25,αCD163/LNP-FAPCAR,ionizable lipid-DSPC-cholesterol-PEG-lipid,45:30:23.5:1.5,heptadecan-9-yl 8-((2-hydroxyethyl)(8-(nonyloxy)-8-oxooctyl)amino)octanoate,DSPC,cholesterol,PEG-lipid,DSPE-PEG-maleimide; anti-CD163 antibody; antibody:LNP 1:20,NA,bone-marrow-derived macrophage (BMDM),bone-marrow-derived macrophage (BMDM),hsc,Mus musculus,NA,FAPCAR mRNA,FAPCAR,NA,NA,cell_incubation,48 hour,flow_cytometry_phagocytosis_cytotoxicity,"FAPCAR_or_GFP_positive_BMDMs: 80 percent_greater_than · BMDMs_exposed_to_alpha_CD163_LNP · reported
expression_after_unmodified_LNP: 20 percent_less_than · BMDMs_exposed_to_unmodified_LNP · reported",Not ready,Not ready,Not ready,"dose, dose_unit",dose,None
GP-008,GP-008,https://doi.org/10.1073/pnas.2534673123,26,αCD163/LNP-FAPCAR,ionizable lipid-DSPC-cholesterol-PEG-lipid,45:30:23.5:1.5,heptadecan-9-yl 8-((2-hydroxyethyl)(8-(nonyloxy)-8-oxooctyl)amino)octanoate,DSPC,cholesterol,PEG-lipid,DSPE-PEG-maleimide; anti-CD163 antibody; antibody:LNP 1:20,liver,CD163+ macrophage,FAPCAR+ hepatic macrophage,hsc,Mus musculus,NA,FAPCAR mRNA,FAPCAR,NA,0.4 mg_mRNA_per_kg,intravenous_tail_vein,14 day,histology_immunofluorescence_single_cell_RNAseq,"activated_HSC_elimination: FAPCAR macrophages recognized, phagocytosed, and eliminated activated HSC models. · FAP_positive_activated_HSCs · qualitative_only
reporter_recipient_cell: Reporter and FAPCAR expression localized to macrophages rather than Desmin-positive HSCs. · liver_cell_marker_colocalization · qualitative_only",Ready,Ready,Not ready,"coherent_outcome, outcome_unit",None,None
GP-008,GP-008,https://doi.org/10.1073/pnas.2534673123,23,αCD163/LNP-Luc,ionizable lipid-DSPC-cholesterol-PEG-lipid,45:30:23.5:1.5,heptadecan-9-yl 8-((2-hydroxyethyl)(8-(nonyloxy)-8-oxooctyl)amino)octanoate,DSPC,cholesterol,PEG-lipid,DSPE-PEG-maleimide; anti-CD163 antibody; antibody:LNP 1:20,liver,CD163+ macrophage,hepatic macrophage,not_reported,mouse,CCl4-induced liver fibrosis,Photinus pyralis luciferase mRNA,Photinus pyralis luciferase,NA,0.4 mg mRNA/kg body weight,intravenous tail-vein injection,8 hours; signal attenuation after 24 hours,in vivo bioluminescence imaging and ex vivo organ imaging,luciferase fluorescence kinetics: Peak fluorescence intensity at 8 h post-injection; signal attenuation was evident after 24 h. · qualitative_only,Ready,Ready,Not ready,"coherent_outcome, manually_verified, normalization_basis, outcome_unit",None,None
GP-008,GP-008,https://doi.org/10.1073/pnas.2534673123,24,αCD163/LNP-ZsGreen,ionizable lipid-DSPC-cholesterol-PEG-lipid,45:30:23.5:1.5,heptadecan-9-yl 8-((2-hydroxyethyl)(8-(nonyloxy)-8-oxooctyl)amino)octanoate,DSPC,cholesterol,PEG-lipid,DSPE-PEG-maleimide; anti-CD163 antibody; antibody:LNP 1:20,liver,CD163+ macrophage,hepatic macrophage,not_reported,mouse,CCl4-induced liver fibrosis,ZsGreen mRNA,ZsGreen,NA,0.4 mg mRNA/kg body weight,intravenous tail-vein injection,14 days,ZsGreen fluorescence imaging and flow cytometry,duration of hepatic ZsGreen fluorescence: hepatic fluorescence sustained through day 14 · qualitative_only,Ready,Ready,Not ready,"coherent_outcome, manually_verified, normalization_basis, outcome_unit",None,None
NP-001,Encapsulation of Dexamethasone into mRNA-Lipid Nanoparticles Is a Promising Approach for the Development of Liver-Targeted Anti-Inflammatory Therapies,https://doi.org/10.3390/ijms252011254,27,LNP(DSPC)/DX25,ALC-0315-DSPC-cholesterol-ALC-0159,NA,ALC-0315,DSPC,cholesterol,ALC-0159,DX,NA,NA,HepG2 human hepatocellular carcinoma cells,other,human,NA,EGFP-encoding mRNA,EGFP,NA,500 ng total mRNA per well,NA,24 h,NA,EGFP-positive transfection: 95 % cells positive for transfection · reported,Not ready,Not ready,Not ready,"assay, coherent_outcome, delivery_destination, lnp_molar_ratio, manually_verified, normalization_basis, route","delivery_destination, lnp_molar_ratio, route",None
NP-002,Cell Subtypes Within the Liver Microenvironment Differentially Interact with Lipid Nanoparticles,https://doi.org/10.1007/s12195-019-00573-4,28,MC3 LNP,MC3-DSPC-cholesterol-C14 PEG 2000,50:10:38.5:1.5,MC3,DSPC,cholesterol,C14 PEG 2000,NA,liver,NA,hepatocytes; liver endothelial cells (CD31+ CD45− CD68−),other,mouse,NA,QUANT DNA,NA,NA,0.3 mg/kg QUANT DNA,intravenous via lateral tail vein,6 hours,FACS,"QUANT DNA biodistribution to hepatocytes: The LNPs distributed nucleic acids to Kupffer cells and liver endothelial cells as efficiently as to hepatocytes. · qualitative_only
DNA measured per endothelial cell: Less DNA was measured per endothelial cell than in the other cell types; the differences were not statistically significant. · qualitative_only",Ready,Ready,Not ready,"coherent_outcome, manually_verified, normalization_basis, outcome_unit, payload_encoded_product_or_molecular_target",None,None
NP-002,Cell Subtypes Within the Liver Microenvironment Differentially Interact with Lipid Nanoparticles,https://doi.org/10.1007/s12195-019-00573-4,30,MC3 LNP,MC3-DSPC-cholesterol-C14 PEG 2000,50:10:38.5:1.5,MC3,DSPC,cholesterol,C14 PEG 2000,NA,liver,NA,hepatocytes; Kupffer cells; endothelial cells,other,mouse,Ai14 reporter mice,Cre mRNA,Cre protein,NA,1 mg/kg Cre mRNA,intravenous via lateral tail vein,3 days,flow cytometry,"percentage of hepatocytes that were tdTomato-positive: Functional delivery to endothelial cells was higher than to hepatocytes for mice treated with MC3, although not significantly. · qualitative_only
Functional Cre-mRNA delivery in Kupffer cells, measured as percentage tdTomato-positive cells: Functional delivery to endothelial cells was higher than to Kupffer cells for MC3-treated mice; the difference was not significant. · qualitative_only
Percentage of endothelial cells that were tdTomato-positive: Functional delivery to endothelial cells was higher than to Kupffer cells or hepatocytes, but not significantly. · qualitative_only",Ready,Ready,Not ready,"coherent_outcome, manually_verified, normalization_basis, outcome_unit",None,None
NP-002,Cell Subtypes Within the Liver Microenvironment Differentially Interact with Lipid Nanoparticles,https://doi.org/10.1007/s12195-019-00573-4,32,MC3 LNP,MC3-DSPC-cholesterol-C14 PEG 2000,50:10:38.5:1.5,MC3,DSPC,cholesterol,C14 PEG 2000,NA,liver,NA,hepatocytes,hepatocyte,mouse,Ai14 reporter mice,Cre mRNA,Cre protein,NA,0.3 mg/kg Cre mRNA,intravenous via lateral tail vein,3 days,flow cytometry,"percentage of hepatocytes that were tdTomato-positive: At 0.3 mg/kg Cre mRNA, liver endothelial and Kupffer cells had a statistically significantly higher percentage of tdTomato-positive cells than hepatocytes. · qualitative_only",Ready,Ready,Not ready,"coherent_outcome, manually_verified, normalization_basis, outcome_unit",None,None
NP-002,Cell Subtypes Within the Liver Microenvironment Differentially Interact with Lipid Nanoparticles,https://doi.org/10.1007/s12195-019-00573-4,29,cKK-E12 LNP,cKK-E12-DSPC-cholesterol-C14 PEG 2000,50:10:38.5:1.5,cKK-E12,DSPC,cholesterol,C14 PEG 2000,NA,liver,NA,hepatocytes; Kupffer cells (CD31− CD45+ CD68+); liver endothelial cells (CD31+ CD45− CD68−),other,mouse,NA,QUANT DNA,NA,NA,0.3 mg/kg QUANT DNA,intravenous via lateral tail vein,6 hours,FACS,"QUANT DNA biodistribution to hepatocytes: The LNPs distributed nucleic acids to Kupffer cells and liver endothelial cells as efficiently as to hepatocytes. · qualitative_only
QUANT DNA accumulation in Kupffer cells: For cKK-E12, DNA accumulated in all three assayed liver cell types; DNA taken up per endothelial cell was less than in Kupffer cells. · qualitative_only
DNA accumulation per endothelial cell: cKK-E12 facilitated DNA accumulation in endothelial cells, but the amount taken up per endothelial cell was less than in Kupffer cells. · qualitative_only",Ready,Ready,Not ready,"coherent_outcome, manually_verified, normalization_basis, outcome_unit, payload_encoded_product_or_molecular_target",None,None
NP-002,Cell Subtypes Within the Liver Microenvironment Differentially Interact with Lipid Nanoparticles,https://doi.org/10.1007/s12195-019-00573-4,31,cKK-E12 LNP,cKK-E12-DSPC-cholesterol-C14 PEG 2000,50:10:38.5:1.5,cKK-E12,DSPC,cholesterol,C14 PEG 2000,NA,liver,NA,hepatocytes; Kupffer cells; endothelial cells,other,mouse,Ai14 reporter mice,Cre mRNA,Cre protein,NA,1 mg/kg Cre mRNA,intravenous via lateral tail vein,3 days,flow cytometry,"percentage of hepatocytes that were tdTomato-positive: Functional delivery to endothelial cells was higher than to hepatocytes for mice treated with cKK-E12, although not significantly. · qualitative_only
Functional Cre-mRNA delivery in Kupffer cells, measured as percentage tdTomato-positive cells: Functional delivery to endothelial cells was higher than to Kupffer cells for cKK-E12-treated mice; the difference was not significant. · qualitative_only
Percentage of endothelial cells that were tdTomato-positive: Functional delivery to endothelial cells was higher than to Kupffer cells or hepatocytes, but not significantly. · qualitative_only",Ready,Ready,Not ready,"coherent_outcome, manually_verified, normalization_basis, outcome_unit",None,None
NP-002,Cell Subtypes Within the Liver Microenvironment Differentially Interact with Lipid Nanoparticles,https://doi.org/10.1007/s12195-019-00573-4,33,cKK-E12 LNP,cKK-E12-DSPC-cholesterol-C14 PEG 2000,50:10:38.5:1.5,cKK-E12,DSPC,cholesterol,C14 PEG 2000,NA,liver,NA,hepatocytes,hepatocyte,mouse,Ai14 reporter mice,Cre mRNA,Cre protein,NA,0.3 mg/kg Cre mRNA,intravenous via lateral tail vein,3 days,flow cytometry,"percentage of hepatocytes that were tdTomato-positive: At 0.3 mg/kg Cre mRNA, liver endothelial and Kupffer cells had a statistically significantly higher percentage of tdTomato-positive cells than hepatocytes. · qualitative_only",Ready,Ready,Not ready,"coherent_outcome, manually_verified, normalization_basis, outcome_unit",None,None
PILOT-001,Ligand-tethered lipid nanoparticles for targeted RNA delivery to treat liver fibrosis,https://doi.org/10.1038/s41467-022-35637-z,41,AA-T3A-C12 lipid nanoparticle (LNP),AA-T3A-C12 anisamide-tethered ionizable lipidoid-DSPC-cholesterol-C14-PEG2000,50:10:38.5:1.5,AA-T3A-C12 anisamide-tethered ionizable lipidoid,DSPC,cholesterol,C14-PEG2000,anisamide head; four epoxide C12 tails bound by the T3A core,NA,activated 3T3-GFP cells,activated 3T3-GFP cells,other,murine,activated 3T3-GFP fibroblast screening model,GFP siRNA (siGFP),NA,screening/reporter silencing payload,50 nM siGFP,in vitro cell treatment,48 h post-treatment,plate reader GFP fluorescence assay; CellTiter-Glo Luminescent Cell Viability Assay,"GFP silencing/knockdown efficiency: >80% GFP silencing after 50 nM AA-T3A-C12/siGFP LNP treatment for 48 h. · qualitative_only
cytotoxicity/cell viability: No noticeable cytotoxicity was reported after 50 nM treatment for 48 h. · qualitative_only",Ready,Ready,Not ready,"coherent_outcome, manually_verified, normalization_basis",None,None
PILOT-001,Ligand-tethered lipid nanoparticles for targeted RNA delivery to treat liver fibrosis,https://doi.org/10.1038/s41467-022-35637-z,42,AA-T3A-C12 lipid nanoparticle (LNP),AA-T3A-C12 anisamide-tethered ionizable lipidoid-DSPC-cholesterol-C14-PEG2000,50:10:38.5:1.5,AA-T3A-C12 anisamide-tethered ionizable lipidoid,DSPC,cholesterol,C14-PEG2000,anisamide head; four epoxide C12 tails bound by the T3A core,NA,activated 3T3-GFP cells,activated 3T3-GFP cells,other,murine,activated 3T3-GFP fibroblast uptake model,Cy5-siRNA,NA,fluorescent biodistribution and uptake cargo,50 nM Cy5-siRNA,in vitro cell treatment,6 h post-treatment,flow cytometry,"cellular uptake of AA-T3A-C12 LNP: Cellular uptake was dramatically reduced after haloperidol treatment (p < 0.001). · qualitative_only
cellular uptake of AA-T3A-C12 LNP: Cellular uptake was greater in TGF-β-stimulated 3T3 fibroblasts than in non-stimulated 3T3 fibroblasts (p < 0.001). · qualitative_only",Ready,Ready,Not ready,"coherent_outcome, manually_verified, normalization_basis, outcome_unit",None,None
PILOT-001,Ligand-tethered lipid nanoparticles for targeted RNA delivery to treat liver fibrosis,https://doi.org/10.1038/s41467-022-35637-z,43,AA-T3A-C12 lipid nanoparticle (LNP),AA-T3A-C12 anisamide-tethered ionizable lipidoid-DSPC-cholesterol-C14-PEG2000,50:10:38.5:1.5,AA-T3A-C12 anisamide-tethered ionizable lipidoid,DSPC,cholesterol,C14-PEG2000,anisamide head; four epoxide C12 tails bound by the T3A core,NA,activated 3T3-GFP cells or H2.35 cells,activated 3T3-GFP cells or H2.35 cells,other,murine,activated 3T3-GFP or H2.35 cell transfection assay,luciferase mRNA,NA,mRNA transfection payload,15 ng luciferase mRNA per well,in vitro cell treatment,24 h post-treatment,Luciferase Reporter 1000 Assay System,"luciferase expression in fibroblasts: 2.6 fold higher expression · reported
luciferase expression in hepatocytes: 1.4 fold lower expression · reported",Ready,Ready,Not ready,"coherent_outcome, manually_verified, normalization_basis",None,None
PILOT-001,Ligand-tethered lipid nanoparticles for targeted RNA delivery to treat liver fibrosis,https://doi.org/10.1038/s41467-022-35637-z,44,AA-T3A-C12 lipid nanoparticle (LNP),AA-T3A-C12 anisamide-tethered ionizable lipidoid-DSPC-cholesterol-C14-PEG2000,50:10:38.5:1.5,AA-T3A-C12 anisamide-tethered ionizable lipidoid,DSPC,cholesterol,C14-PEG2000,anisamide head; four epoxide C12 tails bound by the T3A core,liver,NA,activated HSCs assessed by α-SMA staining,hsc,Balb/c male mouse,CCl4-induced fibrotic mouse,Cy5-siRNA,NA,fluorescent biodistribution and uptake cargo,5 μg Cy5-siRNA per mouse,intravenous injection,1 h post-injection,ex vivo fluorescence imaging and signal quantification of major organs; confocal immunofluorescence imaging of liver cryosections stained for α-SMA,"organ biodistribution and liver accumulation: 0.443 p value · reported
LNP colocalization with or proximity to activated HSCs: More AA-T3A-C12 LNP colocalized with or were close to activated HSCs than MC3 LNP. · qualitative_only",Ready,Ready,Not ready,"coherent_outcome, manually_verified, normalization_basis",None,None
PILOT-001,Ligand-tethered lipid nanoparticles for targeted RNA delivery to treat liver fibrosis,https://doi.org/10.1038/s41467-022-35637-z,45,AA-T3A-C12 lipid nanoparticle (LNP),AA-T3A-C12 anisamide-tethered ionizable lipidoid-DSPC-cholesterol-C14-PEG2000,50:10:38.5:1.5,AA-T3A-C12 anisamide-tethered ionizable lipidoid,DSPC,cholesterol,C14-PEG2000,anisamide head; four epoxide C12 tails bound by the T3A core,liver,NA,activated HSCs,hsc,mouse,CCl4-induced liver-fibrosis mouse therapeutic study,HSP47 siRNA (siHSP47),NA,therapeutic HSP47-silencing RNA payload,5 μg siRNA per mouse,intravenous administration,2 weeks of twice-weekly LNP treatment,Western blot analysis of liver lysates; Picrosirius red staining with morphometric quantification,"HSP47 knockdown: 65 % knockdown · reported
HSP47 knockdown relative to MC3/siHSP47 LNP: AA-T3A-C12/siHSP47 LNP achieved greater than two-fold more potent HSP47 knockdown than MC3/siHSP47 LNP. · qualitative_only
Collagen deposition and liver fibrosis: AA-T3A-C12/siHSP47 LNP significantly decreased collagen deposition more than MC3/siHSP47 LNP (p < 0.001). · qualitative_only",Ready,Ready,Not ready,"coherent_outcome, manually_verified, normalization_basis",None,None
PILOT-002,Engineered ionizable lipid nanoparticles for targeted delivery of RNA therapeutics into different types of cells in the liver,https://doi.org/10.1126/sciadv.abf4398,46,mRNA-loaded ionizable LNP,Ionizable lipid-DOPE-Cholesterol-PEG-lipid,26.5:20:52:1.5,Ionizable lipid,DOPE,Cholesterol,PEG-lipid,NA,NA,HeLa cells,HeLa cells,other,Human,HeLa cells,mRNA encoding firefly luciferase (mFLuc),NA,Reporter mRNA,0.25 μg/ml mRNA,Cell treatment,6 hours,Bright-Glo luciferase luminescence assay; Luciferase luminescence assay,"Relative firefly luciferase expression: At 6 hours after LNP treatment, cells were lysed and relative luciferase intensity was evaluated. · qualitative_only
Firefly luciferase expression: 246C10 LNPs showed the highest luminescent expression among the substantially expressing 244C10, 245C10, and 246C10 LNPs. · qualitative_only
Firefly luciferase expression after ApoE preincubation in serum-free medium: 400 fold increase · reported
Luciferase expression after anti-LDLR antibody pretreatment: Anti-LDLR antibody pretreatment decreased luciferase expression in 246C10 LNP-treated HeLa cells. · qualitative_only",Ready,Ready,Not ready,"coherent_outcome, manually_verified, normalization_basis",None,None
PILOT-002,Engineered ionizable lipid nanoparticles for targeted delivery of RNA therapeutics into different types of cells in the liver,https://doi.org/10.1126/sciadv.abf4398,47,mRNA-loaded ionizable LNP,Ionizable lipid-DOPE-Cholesterol-PEG-lipid,26.5:20:52:1.5,Ionizable lipid,DOPE,Cholesterol,PEG-lipid,NA,Liver,NA,Liver cells,other,C57BL/6 mouse,C57BL/6 mice,mRNA encoding firefly luciferase (mFLuc),NA,Reporter mRNA,0.1 mg/kg mRNA,Intravenous,3 hours,Whole-body and ex vivo organ bioluminescence imaging by IVIS; Live-animal and ex vivo organ luminescence imaging,"Luciferase expression at 3 hours after injection: 244C10- to 246C10-formulated LNPs resulted in potent luciferase expression. · qualitative_only
Organ distribution of mFLuc expression: 244C10, 245C10, and 246C10 LNPs mediated liver-specific delivery and expression of mFLuc. · qualitative_only
Liver luciferase expression: 246C10 LNPs showed the highest luciferase expression in the liver. · qualitative_only",Ready,Ready,Not ready,"coherent_outcome, manually_verified, normalization_basis, outcome_unit",None,None
PILOT-002,Engineered ionizable lipid nanoparticles for targeted delivery of RNA therapeutics into different types of cells in the liver,https://doi.org/10.1126/sciadv.abf4398,48,PEG-lipid-tuned mCre-loaded LNP,PEG-lipid-Cholesterol,NA,NA,NA,Cholesterol,PEG-lipid,NA,Liver,NA,"Hepatocytes, LSECs, and Kupffer cells",other,Mouse,LSL-tdTomato mice,Cre mRNA (mCre),NA,Gene-editing readout payload in LSL-tdTomato mice,0.5 mg/kg,Intravenous,2 days,Ex vivo organ fluorescence imaging; Liver-tissue histology; Histological analysis using MetaMorph image software,"tdTomato fluorescence distribution: Robust tdTomato fluorescence was detected exclusively in the liver. · qualitative_only
Hepatocyte tdTomato fluorescence: Strong tdTomato fluorescence was detected in hepatocytes compared with PBS-injected mice. · qualitative_only
tdTomato-positive hepatocytes: 80 % · reported
tdTomato-positive endothelial cells (LSECs): 40 % · reported
tdTomato-positive Kupffer cells: 10 % · reported",Not ready,Not ready,Not ready,"coherent_outcome, lnp_molar_ratio, manually_verified, normalization_basis",lnp_molar_ratio,None
PILOT-002,Engineered ionizable lipid nanoparticles for targeted delivery of RNA therapeutics into different types of cells in the liver,https://doi.org/10.1126/sciadv.abf4398,49,Mannose-PEG-lipid-incorporated LNP,Mannose-PEG lipid-PEG-lipid,NA,NA,NA,NA,Mannose-PEG lipid; PEG-lipid,NA,Liver,NA,LSECs,lsec,Mouse,LSL-tdTomato mice,Cre mRNA (mCre),NA,Gene-editing readout payload in LSL-tdTomato mice,0.5 mg/kg mRNA,Injected,2 days,Ex vivo organ imaging; Liver-section histological analysis with MetaMorph image software,"tdTomato fluorescence distribution: LNPs with mannose were mostly taken up into the liver. · qualitative_only
tdTomato-positive LSECs: 70 % · reported
tdTomato-positive hepatocytes: 15 % · reported
tdTomato-positive Kupffer cells: 15 % · reported",Not ready,Not ready,Not ready,"coherent_outcome, lnp_molar_ratio, manually_verified, normalization_basis",lnp_molar_ratio,None
PILOT-002,Engineered ionizable lipid nanoparticles for targeted delivery of RNA therapeutics into different types of cells in the liver,https://doi.org/10.1126/sciadv.abf4398,50,Mannose-PEG-lipid-incorporated LNP,Mannose-PEG lipid-PEG-lipid,NA,NA,NA,NA,Mannose-PEG lipid; PEG-lipid,NA,NA,NA,LSECs,lsec,C57BL/6 mouse,C57BL/6 mice,siRNA against FVIII (siFVIII),NA,Gene-silencing payload,0.5 mg/kg,Injected,2 days,NA,"Serum FVIII protein level / FVIII inhibition in LSECs: Adding mannose-PEG lipid to LNPs with 3.0% total PEG-lipid produced more enhanced FVIII inhibition in LSECs than LNPs with PEG-lipid only. · qualitative_only
Serum FVIII protein level / FVIII inhibition in LSECs: For LNPs with 1.5% total PEG-lipid, mannose incorporation was less significant for FVIII inhibition. · qualitative_only",Not ready,Not ready,Not ready,"assay, coherent_outcome, delivery_destination, lnp_molar_ratio, manually_verified, normalization_basis, outcome_unit","delivery_destination, lnp_molar_ratio",None
PILOT-003,Lipid-encapsulated siRNA for hepatocyte-directed treatment of advanced liver disease,https://doi.org/10.1038/s41419-020-2571-4,51,KL-52-containing lipid nanoparticle (LNP),"KL-52 cationic aminolipid-1,2-distearoyl-3-phosphatidylcholine (DSPC)-cholesterol-PEG-c-DOMG",50:10:38.5:1.5,KL-52 cationic aminolipid,"1,2-distearoyl-3-phosphatidylcholine (DSPC)",cholesterol,PEG-c-DOMG,NA,liver,NA,hepatocytes,hepatocyte,C57BL6J mice,in-vivo tissue-specificity study,siRNA directed against Jnk2 (siJnk2; selected set 3 for in-vivo LNP experiments),NA,Jnk2 knockdown payload,0.2 mg/kg body weight,intravenous injection,6 h,Quantitative RT-PCR,"Jnk2 mRNA expression in liver: siRNA-Jnk2 LNP set 3 significantly downregulated Jnk2 mRNA in the liver. · qualitative_only
Jnk2 mRNA expression in hepatocytes: siRNA-Jnk2 LNP set 3 was specifically active in hepatocytes and significantly reduced Jnk2 mRNA expression. · qualitative_only
Jnk2 mRNA expression in Kupffer cells and hepatic stellate cells: Jnk2 mRNA expression was not significantly reduced in Kupffer cells or hepatic stellate cells. · qualitative_only",Ready,Ready,Not ready,"coherent_outcome, manually_verified, normalization_basis, outcome_unit",None,None
PILOT-003,Lipid-encapsulated siRNA for hepatocyte-directed treatment of advanced liver disease,https://doi.org/10.1038/s41419-020-2571-4,52,KL-52-containing lipid nanoparticle (LNP),"KL-52 cationic aminolipid-1,2-distearoyl-3-phosphatidylcholine (DSPC)-cholesterol-PEG-c-DOMG",50:10:38.5:1.5,KL-52 cationic aminolipid,"1,2-distearoyl-3-phosphatidylcholine (DSPC)",cholesterol,PEG-c-DOMG,NA,liver,NA,hepatocytes,hepatocyte,WT mice,dose- and time-dependent Jnk2 expression study,siRNA directed against Jnk2 (siJnk2; selected set 3 for in-vivo LNP experiments),NA,Jnk2 knockdown payload,0.2 mg/kg mouse body weight,intravenous injection,168 h,Immunoblotting of whole liver extracts; mRNA expression analysis,"JNK2 protein expression: Almost undetectable JNK2 protein expression after 168 h following a single 0.2 mg/kg siJnk2-LNP injection. · qualitative_only
Jnk2 mRNA expression: mRNA expression levels showed an increase compared with the earlier timepoint. · qualitative_only",Ready,Ready,Not ready,"coherent_outcome, manually_verified, normalization_basis, outcome_unit",None,None
PILOT-003,Lipid-encapsulated siRNA for hepatocyte-directed treatment of advanced liver disease,https://doi.org/10.1038/s41419-020-2571-4,53,KL-52-containing lipid nanoparticle (LNP),"KL-52 cationic aminolipid-1,2-distearoyl-3-phosphatidylcholine (DSPC)-cholesterol-PEG-c-DOMG",50:10:38.5:1.5,KL-52 cationic aminolipid,"1,2-distearoyl-3-phosphatidylcholine (DSPC)",cholesterol,PEG-c-DOMG,NA,liver,NA,hepatocytes,hepatocyte,male mice,8-week-old NEMOΔHepa mice at an early stage of liver disease,siRNA directed against Jnk2 (siJnk2; selected set 3 for in-vivo LNP experiments),NA,Jnk2 knockdown payload,0.2 mg/kg,weekly injection,4 weeks of treatment,"FMT/μCT imaging with duramycin-NIR790; Histopathological analysis; Liver injury-marker assessment; Liver-to-body-weight ratio assessment; Western blot, immunohistochemistry, and caspase-3 activity assay; PCNA protein/mRNA analysis and Ki67 immunofluorescence","Liver accumulation of duramycin-NIR790, a biomarker of apoptotic cell death: Duramycin-NIR790 binding in apoptotic cells was markedly increased. · qualitative_only
Liver parenchymal morphology and immune-cell infiltration: siJnk2-LNP treatment was associated with parenchymal-cell dysplasia, hypertrophy, anisokaryosis, increased fat deposition, and substantial immune-cell infiltration. · qualitative_only
Liver injury markers: Liver injury markers were significantly impaired after 28 days of siJnk2-LNP treatment. · qualitative_only
Liver/body weight ratio: Liver/body weight ratio decreased in 12-week-old NEMOΔHepa mice. · qualitative_only
Cleaved caspase-3 levels and caspase-3 activity: Cleaved caspase-3 levels and caspase-3 activity were increased, consistent with increased apoptosis. · qualitative_only
Cell proliferation and liver repair/regeneration markers: PCNA-positive parenchymal and non-parenchymal cells, PCNA protein/mRNA, and Ki67-positive non-parenchymal cells were significantly increased. · qualitative_only",Ready,Ready,Not ready,"coherent_outcome, manually_verified, normalization_basis, outcome_unit",None,None
PILOT-003,Lipid-encapsulated siRNA for hepatocyte-directed treatment of advanced liver disease,https://doi.org/10.1038/s41419-020-2571-4,54,KL-52-containing lipid nanoparticle (LNP),"KL-52 cationic aminolipid-1,2-distearoyl-3-phosphatidylcholine (DSPC)-cholesterol-PEG-c-DOMG",50:10:38.5:1.5,KL-52 cationic aminolipid,"1,2-distearoyl-3-phosphatidylcholine (DSPC)",cholesterol,PEG-c-DOMG,NA,liver,NA,hepatocytes,hepatocyte,male mice,44-week-old NEMOΔHepa mice with advanced liver tumors,siRNA directed against Jnk2 (siJnk2; selected set 3 for in-vivo LNP experiments),NA,Jnk2 knockdown payload,0.2 mg/kg,weekly injection,8 weeks of treatment,Liver histopathology and macroscopic analysis; μCT-FMT imaging and quantification using Duramycin-NIR790; Immunoblotting and quantitative RT-PCR,"Disease progression, liver architecture, HCCs, and premalignant dysplastic nodules: siJnk2-LNP treatment significantly reduced disease progression, improved hepatic parenchymal architecture, reduced well-differentiated HCCs, and reduced premalignant dysplastic nodules. · qualitative_only
Liver apoptotic cell death: siJnk2-LNP treatment reduced Duramycin signal and apoptotic cell death in NEMOΔHepa livers. · qualitative_only
JNK2/pJNK2 protein and Jnk2/survivin mRNA expression: siJnk2-LNP downregulated JNK2 and pJNK2 protein and reduced Jnk2 and survivin transcripts. · qualitative_only",Ready,Ready,Not ready,"coherent_outcome, manually_verified, normalization_basis, outcome_unit",None,None
PILOT-003,Lipid-encapsulated siRNA for hepatocyte-directed treatment of advanced liver disease,https://doi.org/10.1038/s41419-020-2571-4,55,KL-52-containing lipid nanoparticle (LNP),"KL-52 cationic aminolipid-1,2-distearoyl-3-phosphatidylcholine (DSPC)-cholesterol-PEG-c-DOMG",50:10:38.5:1.5,KL-52 cationic aminolipid,"1,2-distearoyl-3-phosphatidylcholine (DSPC)",cholesterol,PEG-c-DOMG,NA,NA,Hepa 1–6 mouse hepatoma cells,Hepa 1–6 mouse hepatoma cells,other,mouse,Hepa 1–6 cell-culture siRNA sequence screen,siRNA directed against Jnk2 (siJnk2; selected set 3 for in-vivo LNP experiments),NA,Jnk2 knockdown payload,1 nmol,Lipofectamine transfection,24 h,NA,NA,Not ready,Not ready,Not ready,"accepted_evidence, assay, manually_verified, outcome",outcome,outcome_link_unclear
