paper_id,contract_version,current_schema,expected_eligibility,actual_eligibility,eligibility_match,unresolved_items,requires_human_review
GP-001,compact-1.1.0,True,ineligible,ineligible,True,0,False
GP-002,compact-1.0.0,False,eligible,eligible,True,3,True
GP-003,compact-1.1.0,True,ineligible,ineligible,True,0,False
GP-004,compact-1.1.0,True,eligible,eligible,True,3,True
GP-005,compact-1.1.0,True,eligible,eligible,True,3,True
GP-006,compact-1.1.0,True,eligible,eligible,True,3,True
GP-007,compact-1.1.0,True,eligible,eligible,True,4,True
GP-008,compact-1.1.0,True,manual_review,eligible,,3,True
GP-009,compact-1.1.0,True,ineligible,ineligible,True,2,True
